categoria,subcategoria,etiqueta_menu,name,layer_id,source_id,url,pgw_ref
"1. Amenazados y en estado vulnerable","1.1. De litoral y aguas poco profundas","Sedimentos submarinos",sedimentosSubmarinos,sedimentosSubmarinos-layer,sedimentosSubmarinos_,/assets/maps/layers/ecosistemas/sedimentos-submarinos.webp,PGW_ECOS_CAPAS
"1. Amenazados y en estado vulnerable","1.1. De litoral y aguas poco profundas","Manglar",manglar,manglar-layer,manglar_,/assets/maps/layers/ecosistemas/manglar.webp,PGW_ECOS_CAPAS
"1. Amenazados y en estado vulnerable","1.1. De litoral y aguas poco profundas","Llanura mareal",llanuraMareal,llanuraMareal-layer,llanuraMareal_,/assets/maps/layers/ecosistemas/llanura-mareal.webp,PGW_ECOS_CAPAS
"1. Amenazados y en estado vulnerable","1.1. De litoral y aguas poco profundas","Playas",playas,playas-layer,playas_,/assets/maps/layers/ecosistemas/playas.webp,PGW_ECOS_CAPAS
"1. Amenazados y en estado vulnerable","1.1. De litoral y aguas poco profundas","Zona pantanosa",zonaPantanosa,zonaPantanosa-layer,zonaPantanosa_,/assets/maps/layers/ecosistemas/zona-pantanosa.webp,PGW_ECOS_CAPAS
"1. Amenazados y en estado vulnerable","1.2. Con vegetacion de baja altura","Rocas expuestas",rocasExpuestas,rocasExpuestas-layer,rocasExpuestas_,/assets/maps/layers/ecosistemas/rocas-expuestas.webp,PGW_ECOS_CAPAS
"1. Amenazados y en estado vulnerable","1.2. Con vegetacion de baja altura","Humedales",humedales,humedales-layer,humedales_,https://res.cloudinary.com/dvluvxfvn/image/upload/v1752620855/geoImages/zabqishlczt4jhzan583.webp,PGW_ECOS_CAPAS
"1. Amenazados y en estado vulnerable","1.2. Con vegetacion de baja altura","Vegetacion arbustiva (arbustal)",arbustal,arbustal-layer,arbustal_,https://res.cloudinary.com/dvluvxfvn/image/upload/v1752616024/geoImages/jmzub122jv4yei2hpchp.webp,PGW_ECOS_CAPAS
"1. Amenazados y en estado vulnerable","1.2. Con vegetacion de baja altura","Campos de hierbas y pastos (herbazal)",herbazalPastos,herbazalPastos-layer,herbazalPastos_,https://res.cloudinary.com/dvluvxfvn/image/upload/v1752620752/geoImages/ab8fmppquopvzo4t9ime.webp,PGW_ECOS_CAPAS
"1. Amenazados y en estado vulnerable","1.3. Bosques","Extremadamente secos (Xerofitico)",xerofitico,xerofitico-layer,xerofitico_,/assets/maps/layers/ecosistemas/xerofitico.webp,PGW_ECOS_CAPAS
"1. Amenazados y en estado vulnerable","1.3. Bosques","Muy secos (Subxerofitico)",subxerofitico,subxerofitico-layer,subxerofitico_,/assets/maps/layers/ecosistemas/subxerofitico.webp,PGW_ECOS_CAPAS
"1. Amenazados y en estado vulnerable","1.3. Bosques","Inundables",inundables,inundables-layer,inundables_,/assets/maps/layers/ecosistemas/inundables.webp,PGW_ECOS_CAPAS
"1. Amenazados y en estado vulnerable","1.3. Bosques","Secos tropicales",secosTropicales,secosTropicales-layer,secosTropicales_,/assets/maps/layers/ecosistemas/secos-tropicales.webp,PGW_ECOS_CAPAS
"1. Amenazados y en estado vulnerable","1.3. Bosques","Humedos tropicales",humedosTropicales,humedosTropicales-layer,humedosTropicales_,/assets/maps/layers/ecosistemas/humedos-tropicales.webp,PGW_ECOS_CAPAS
"1. Amenazados y en estado vulnerable","1.3. Bosques","Subandinos",subandinos,subandinos-layer,subandinos_,/assets/maps/layers/ecosistemas/subandinos.webp,PGW_ECOS_CAPAS
"1. Amenazados y en estado vulnerable","1.3. Bosques","De niebla",bosqueNiebla,bosqueNiebla-layer,bosqueNiebla_,https://res.cloudinary.com/dvluvxfvn/image/upload/v1752616666/geoImages/ccrcbspmilcmwnttnijk.webp,PGW_ECOS_CAPAS
"1. Amenazados y en estado vulnerable","1.3. Bosques","Alto andinos",altoAndinos,altoAndinos-layer,altoAndinos_,https://res.cloudinary.com/dvluvxfvn/image/upload/v1752615317/geoImages/nsxeretli1c7vs11x6kc.webp,PGW_ECOS_CAPAS
"1. Amenazados y en estado vulnerable","1.4. Altas cumbres","Pantano de paramo (Turbera)",pantanoParamo,pantanoParamo-layer,pantanoParamo_,/assets/maps/layers/ecosistemas/pantano-paramo.webp,PGW_ECOS_CAPAS
"1. Amenazados y en estado vulnerable","1.4. Altas cumbres","Paramo",Paramo,Paramo-layer,Paramo_,/assets/maps/layers/ecosistemas/paramo.webp,PGW_ECOS_CAPAS
"1. Amenazados y en estado vulnerable","1.4. Altas cumbres","Laguna",laguna,laguna-layer,laguna_,/assets/maps/layers/ecosistemas/laguna.webp,PGW_ECOS_CAPAS
"1. Amenazados y en estado vulnerable","1.4. Altas cumbres","Glaciares y nivales",glaciaresNivales,glaciaresNivales-layer,glaciaresNivales_,https://res.cloudinary.com/dvluvxfvn/image/upload/v1752620635/geoImages/fucpwcprswkntuimp3ln.webp,PGW_ECOS_CAPAS
"2. Entornos del ser humano que transforman ecosistemas","2.1. Intervenciones moderadas","Bosque fragmentado",bosqueFragmentado,bosqueFragmentado-layer,bosqueFragmentado_,https://res.cloudinary.com/dvluvxfvn/image/upload/v1752616546/geoImages/gsvasgqvuszn6hz18ap4.webp,PGW_ECOS_CAPAS
"2. Entornos del ser humano que transforman ecosistemas","2.1. Intervenciones moderadas","Vegetacion en regeneracion",regeneracionVegetal,regeneracionVegetal-layer,regeneracionVegetal_,/assets/maps/layers/ecosistemas/regeneracion-vegetal.webp,PGW_ECOS_CAPAS
"2. Entornos del ser humano que transforman ecosistemas","2.2. Zonas con agricultura y ganaderia","Agricultura mixta",agriculturaMixta,agriculturaMixta-layer,agriculturaMixta_,https://res.cloudinary.com/dvluvxfvn/image/upload/v1752614823/geoImages/ehxtmyhan6sxciwzeqq8.webp,PGW_ECOS_CAPAS
"2. Entornos del ser humano que transforman ecosistemas","2.2. Zonas con agricultura y ganaderia","Areas de inundacion y humedales desecados",areasInundacion,areasInundacion-layer,areasInundacion_,https://res.cloudinary.com/dvluvxfvn/image/upload/v1752616054/geoImages/g6pgktggt7ni6xiyhupw.webp,PGW_ECOS_CAPAS
"2. Entornos del ser humano que transforman ecosistemas","2.2. Zonas con agricultura y ganaderia","Monocultivos",monocultivos,monocultivos-layer,monocultivos_,/assets/maps/layers/ecosistemas/monocultivos.webp,PGW_ECOS_CAPAS
"2. Entornos del ser humano que transforman ecosistemas","2.2. Zonas con agricultura y ganaderia","Ganaderia",ganaderia,ganaderia-layer,ganaderia_,https://res.cloudinary.com/dvluvxfvn/image/upload/v1752620553/geoImages/gtwqfz5u1o3kmbtl33a4.webp,PGW_ECOS_CAPAS
"2. Entornos del ser humano que transforman ecosistemas","2.3. Intervenciones severas","Zonas urbanizadas, industrializadas y con mineria intensiva",zonaUrbanaIndustrial,zonaUrbanaIndustrial-layer,zonaUrbanaIndustrial_,/assets/maps/layers/ecosistemas/zona-urbana-industrial.webp,PGW_ECOS_CAPAS
"2. Entornos del ser humano que transforman ecosistemas","2.3. Intervenciones severas","Cuerpos de agua artificial",aguaSuperficial,aguaSuperficial-layer,aguaSuperficial_,https://res.cloudinary.com/dvluvxfvn/image/upload/v1752615018/geoImages/uw21wuzdbrqiefckuf4d.webp,PGW_ECOS_CAPAS
"3. Sin informacion y otras areas","3. Sin informacion y otras areas","Sin informacion y otras areas",sinInformacion,sinInformacion-layer,sinInformacion_,/assets/maps/layers/ecosistemas/sin-informacion.webp,PGW_ECOS_CAPAS
